<?xml version="1.0" encoding="UTF-8"?>
<project-private xmlns="http://www.netbeans.org/ns/project-private/1">
    <editor-bookmarks xmlns="http://www.netbeans.org/ns/editor-bookmarks/2" lastBookmarkId="0"/>
    <open-files xmlns="http://www.netbeans.org/ns/projectui-open-files/2">
        <group>
            <file>file:/C:/Users/po110/Documents/NetBeansProjects/GestionMyPyme/src/gestionmypyme/Sección_Cliente.java</file>
            <file>file:/C:/Users/po110/Documents/NetBeansProjects/GestionMyPyme/src/gestionmypyme/GestionMyPyme.java</file>
            <file>file:/C:/Users/po110/Documents/NetBeansProjects/GestionMyPyme/src/gestionmypyme/Seccion_Productos.java</file>
            <file>file:/C:/Users/po110/Documents/NetBeansProjects/GestionMyPyme/src/gestionmypyme/Sección_Ventas.java</file>
            <file>file:/C:/Users/po110/Documents/NetBeansProjects/GestionMyPyme/src/gestionmypyme/Menu_Prin1.java</file>
            <file>file:/C:/Users/po110/Documents/NetBeansProjects/GestionMyPyme/src/gestionmypyme/VEInsertarProducto.java</file>
            <file>file:/C:/Users/po110/Documents/NetBeansProjects/GestionMyPyme/src/gestionmypyme/Pruebas.java</file>
            <file>file:/C:/Users/po110/Documents/NetBeansProjects/GestionMyPyme/src/gestionmypyme/Seccion_Usuario.java</file>
            <file>file:/C:/Users/po110/Documents/NetBeansProjects/GestionMyPyme/src/Conexion/conexion.java</file>
        </group>
    </open-files>
</project-private>
